,id,Comment,Target,real,baseline,ood
29,58995,"@ ALL FAMILY/FRIENDS , do not tell me  bad shit that your bf/gf did to you just to go right back to them!!!",2,2,0,2
160,34669,#DregsOfSociety  ??? #Deplorables   Liberals usually dehumanize those they want to exterminate later URL,2,2,1,2
335,80197,"#Barbara Boxer If LIBERALS Want to Use RAPE as a Political Tactic! THEY Had Better Have Some HARD EVIDENCE! Her Word Isn't Evidence!!! Its Called HEARSAY . On that note, I Could Say ' YOU  ' Cornered Me In A Bathroom, And put YOUR Hands All Over Me' 35 Years Ago. PROVE ME WRONG URL",2,2,0,2
400,20522,"#bb20 actually question why do people want Jc to win more than Angela? He has been way meaner, says the n word repeatly, makes fun of eating disorders, and sexually harasses houseguests.She is just as much as an underdog to win so dont use that excuse. #bb20  #tangela",2,2,1,2
533,55048,"#BoycottNike campaign must continue and grow  Paying overseas staff $0.20 an hour is not okay because your staff is over there"".   You are exploiting poor women/men in the world.  This is more than Americans can stand. URL",2,2,0,2
554,55832,#David #Miliband #DavidMiliband flew away  in #NewYork to be with the #US #Liberals #Democrats - had to flee #Corbynists hatred of Jews,2,2,0,2
569,62689,#scottgimple ruined #TheWalkingDead and now he is doing the same to #FearTWD . Hope the checks cash forever because he should never get another job. #AMC,2,2,0,2
584,15866,#Austerity Low pay #TuitionFees  Lack of housing Wages falling #UniversalCredit Unaffordable rents #NHS crisis Crap railways Empty shops #Brexit No deal exit from EU #Windrush #Grenfell   In just 8 short years the @USER have completely fucked the UK,2,2,0,2
591,91430,"3 days before BBC Radio 2‚Äôs Festival in a Day, they decide to tell us that their headline act isn‚Äôt coming anymore. Thanks a lot, now I‚Äôve paid a fortune to see a tonne of acts who are shit and who are of no interest to me üòëüëçüèª",2,2,1,2
601,53325,"28, 27, 25 and 21 but like,, it‚Äôs still really miserable and unpleasant for us?? And like they even told me how they weren‚Äôt happy and would have got divorced before I was even born so I‚Äôm like cool cool I was literally born into hatred that‚Äôs awesome no wonder I‚Äôm such a fuckup",2,2,1,2
634,98531,@USER @USER üòÇ You do not like the Jewish people because you ALL claims they are holding all the money. Sound familiar? Your left wing libtard  family is the family of the KKK. You do not hate Jews? That‚Äôs funny. Gun control; even funnier. Good luck,2,2,0,2
639,31665,#Conservatives are more upset about #bertenernie being #gay than having a #sexualpredator in the @USER a hooker as @USER and a #rapist as #supremecourtjustice,2,2,0,2
649,46983,"#Conservatives just like old #Garbage bags blowing in the wind, here's an old garbage bag now... URL",2,2,0,2
732,63129,"#LiberalHypocrisy #TacoBell When Liberals ask why your against illegal immigration? Taco Bell Employee: No Habla Ingles!"" URL",2,2,0,2
755,65545,#GreatestThingsAboutThe90s liberals weren‚Äôt unhinged,2,2,0,2
764,79222,"#disarmthem #antifa Please NO ONE be stupid enough to do this. Most of us DO NOT open carry, most of us carry concealed. Anyone stupid enough to do this, that is considered an act of aggression and you will be shot We also carry more than one weapon. We shoot to kill, not maim.",2,2,1,2
775,72523,#FemiNazis are Liberals so #MeToo only counts when they blame a non-Liberal man. #Bizarro  #KAG2018 ‚ù§Ô∏èüá∫üá∏ URL,2,2,0,2
833,78688,"#ConfirmKavanugh now, stall tactics are DC cronies only recourse. No more delays.  #VoteRed to end this madness and to #MAGA",2,2,0,2
