,Context,Comment,Target,real,baseline,ood
310,"Some ways that Israeli's use to dehumanize Palestinians ""They love death more than life"" ""They don't love their children like we do"" I hear this a lot when debating, the brainwashing in Israeli society is quite deep. They really see this as a legitimate reason for occupying/oppressing. Quite nasty. Apparently I was wrong because I said that Israeli's are wrong in generalizing 2 million residents of Gaza. What are some other things they say/do to dehumanize Palestinians?","Call them Goyim and say Jews are the master race, that's a big one.",2,2,1,2
433,"When is a Clothed Picture is Better than a Nude? We all love nude pics (going out on a limb here), but what clothing would your SO (or whoever) be wearing in those times you'd prefer to receive a clothed pic over a nude pic? 80s aerobic outfit? Cheerleader uni? Nun? Bikini? Panties and thigh highs? Or for the ladies: Three piece suit? Coveralls? Fireman? Banana hammock and a smile? For me, I love seeing a girl wearing panties and a sports jersey. Even if it's a rival team I hate. Sports and sexiness really revs me up. But tell me what you like.","For me, anything that is figure-hugging is very sexy. Being able to see the shape and outline of boobs and the va-jay-jay is really attractive ... and I'm not specifically talking about /r/cameltoe here, but anything that's flush with the body's shape is really sexy.",2,2,1,2
455,"Does anyone try to hold in a shit in public toilets despite actually being on the toilet. Like I feel like it's pre weird if other people around and hear me shit, but I mean, I'm in a cubicle on the toilet like I'm meant to. Maybe I'm just hella self conscious idk.","If you CANT wait, I suggest flushing as you poop so they can?t hear it. You may just have some water splash up, but if it?s an emergency or not a strong toilet where it won?t splash, it helps a lot.",2,2,1,2
522,"The Crazies (just got put on Canadian Netflix) gives off a serious Stephen King Vibe, its like a great adaption that King hasn't written yet. I just re-watched The Crazies (Timothy Olyphant) since it was released on Canadian Netflix, and I must say its a pretty good movie. The last 30 minutes are a bit rushed, but the beginning build up in the town was great.  Hints of The Stand and Desperation from Stephen King for sure.  Check it out if you are interested.",The nuke scene is so badass. Like at that point they completely lost control so they resort to dropping a nuke on a tiny Iowan town lol.,2,2,1,2
577,Free Talk Friday Remember to report comments that break reddiquette. This thread happens every Friday!,jolene is such a slapper,2,2,1,2
955,My dog is racist She barks at every black dog she sees,My dog hates asians after he escaped from a chinese food place,2,2,1,2
1030,"That D*mn Facebook Baby After being inundated with baby pictures on Facebook, DAE feel like posting something, well, really honest?    Basically whenever I log into facebook I fantasize about posting things like,    ""Congratulations on your baby and F\*CK YOU""","Now I just want to exclusively see photos/videos of babies farting. Nothing else, just the farts. Because THAT I can handle.",2,2,1,2
1166,"Really Big Thread - May 24, 2019 Welcome to another edition of The Really Big Show. Feel free to discuss the show, or anything related to the show, right here in the daily thread.",Screw being Vegan pop 89 joebees a day and you will live till your 98 unlike my fatass dead brother in law,2,2,1,2
1181,Warning Someone has just stumbled upon this subreddit and the discord server and wants to get it taken down. I told him it's a joke but he is still very pissed. Just letting you know,"Stop with the schemes, kike.  You're not fooling anyone.",2,2,1,2
1256,Thanks guys For opening my eyes to how fucking awful Joe Rogan actually is.,"Also Joe Rogan swallows dip spit. All jokes aside chewing Tobacco is bad for you. I chew tobacco because i am in touch with my white trash, redneck roots. Like a man, i spit out the juice.  Joe will have a dip in for his entire show and swallow every bit of juice. I know several people who have had stomach, kidney and liver problems from swallowing their dip spit. So aside from swallowing jizzum Joe also ingests cancerous dip spit.",2,2,1,2
1258,My non popular draft opinion What if we sign Foles and drafted DK Metcalf with our first round?  Then draft a QB round 2 to sit behind Foles.  I think Metcalf is going to be a huge threat in the NFL and we need his exact type,"let?s make sure that metcalf pisses clean at the combine first, dude looks like david boston?s son.",2,2,1,2
1485,Free Talk Tuesday Remember to report comments that break reddiquette. This thread happens every Tuesday!,pooping in a porta potty and it isn?t a million degrees. living the life of a king,2,2,1,2
1661,"204 783 2119 When I was younger I use to always call time and temperature. It was very to the point. You'd call and it would say for example: ""The time is eight, fifty seven, temperature 9 degrees"" then it would hang up. The automated phone call would last 3 seconds. Does anyone know who was responsible for this service? Was it MTS? Why did they cancel it?","In the old days if you dialed the word 'niggers' (644-4377), a voice would read you back the number you were dialing from. I am literally not kidding. I'm not sure if it was intentional or a very strange coincidence.",2,2,1,2
1719,"What do you do while waiting for your bets to work out? Do you guys just keep yourselves busy and keep looking for more opportunities? Take time off, go on vacation? Read a book? What do you guys if you got nothing to do.",Charlie Munger recommends sitting on your ass.,2,2,1,2
1796,More freedom in Regalia placement? Does anybody else want this? I'd like more control over the size and placement of regalia (regalieae?). I don't understand why this isn't option already. If I want to put my mastery rank on my Valkyr's buttcheek i should be able to xD,i wan to give mesa an tramp stanp,2,2,1,2
1799,Why isn't incest legal? I honstly dont see anything wrong so long its of legal age and they both love each other. What's so bad about it?,"You WILL get some backlash for this haha. I kind of agree with you, although I think reproduction through incest shouldn't be legal. Not sure how that would work, but it's not fair to the child who's going to probably have a whole lot of problems.",2,2,1,2
1950,Found something while digging Okay so I was in backyard digging to put a new fire pit in and about 2 feet deep I find some gallons jugs of muriatic acid buried. They were all empty and crushed. I just moved into house couple months ago and previous owner was a cop. What could someone have used the acid for? There is no pool or well. We do have a septic tank.,Making terror bombs,2,2,1,2
2006,"Anyone who says they're standing ""on line"" instead of ""in line"" should be stabbed. New Yorkers stink.","Don't New Yorkers also say ""sanglidges"" or some fat greaseball shit instead of ""sandwich""?",2,2,1,2
2032,Friday Night Drunk Thread Stay safe tonight. Don't drink and drive. VIVA,"My lesbo cousin said Tiger King is transphobic because they never explicitly state that Saff is FtM trans, what a dike",2,2,1,2
2084,Do people here actually have Republican friends? I don't.  I barely register them as people.,"Yes but he?s spiritual broken and doesn?t believe in Republicans or conservative ideology anymore. He admits that meritocracy is a scam for rubes and genuinely respects the rights of queer people, POC, and our trans comrades. He?s too obstinate and stubborn to ever be socialist but I?ll be damned if I don?t try.",2,2,1,2
2125,Did any of your parents not let you play certain types of video games because they were ?Satanic?? I wasn?t allowed to play PokÃ©mon because it was considered violent by my parents until I hit middle school. By then the craze had died down. I had friends that told me the reason they couldn?t play it was because their parents considered it ?Satanic?? I have no doubt that the weird religious articles surrounding PokÃ©mon had a big influence on my parents decision. Did any of you guys experience something similar with your parents?,When the first Shrek came out I wasn?t allowed to watch it because the church we attended at the time claimed that Shrek was slang for doggystyle and that him and Donkey were gay for each other.,2,2,1,2
2285,"hacks I'm hoping this can be a big thread of all the hacks related to uottawa, whether it be shortcuts or hidden places on campus or perks that most people don't know about...whatever comes to mind.","We have tunnels. Some say splinter factions of the Viet Cong are still lurking, waiting to defend the motherland from the filthy capitalist invaders.",2,2,1,2
2471,"TIL Corpus Christi is the best markout town in the world There is no running meme of the crowds being so dead that they named it Corpse Christi, dont look that up.",Off course they would be excited to see Tyler stomp a darkie,2,2,1,2
2506,"What are the common historical misconceptions/nuances people tend to neglect, forget, or think in regards to men and women? Likewise, what do you think of the term ""honorary male""? One example is ""The Rule Of Thumb"", or how a husband shouldn't beat his wife with something thicker than his thumb, IIRC. Except, no such law ever existed, and there may be evidence the ""law"" was simply a joke. Likewise, I was looking up honorary male, and I was quite surprised how much women were celebrated.","That marital rape and DV, when not considered crimes in law, were making DV and rape by men ubiquitous, and DV and rape by women not even happening at all.",2,2,1,2
2527,"/r/singapore random discussion and small questions thread for February 10, 2018 Talk about your day. Anything goes, but subreddit rules still apply. Please be polite to each other!","Watching that singpost mailman throwing out letters makes me boil. I dont know why but im dam angry. His argument dont even make sense!! Edit: To the people that downvote me, i hope your letters get thrown away like the chinaman did to others.",2,2,1,2
2624,If rocks were made of money... Muslims would be throwing money at woman.,"Since money is made from rocks, aren't sugar daddies stoning their hoes?",2,2,1,2
2723,"backwards compatibility on the ps5 Is it possible for the ps5 to be backwards compatable with ps1,ps2,ps3 and ps4 games ? or is it impossible ?",We know just as much as you: Jackshit.,2,2,1,2
2887,What mlb player do you hate the most and why For me it?s Ryan Braun because he did steroids and won a mvp while on steroids And cried and bitched about it.,"Bergman, Correa, and Gurriel... Imagine being so cocky when you need to cheat to win lmao",2,2,1,2
2916,"How is filipino ""flirting"" culture? Hiya guys!! I've been lurking in this sub for a while, hoping I get to visit Philippines soon. About the question, I want to clarify I don't mean in a ""sex tourism"" way at all, nor am asking for sex workers. I mean if they are open to a fun conversation/laughs while drinking or in other environments (I guess it's not the same flirting with someone in a disco in Boracay than being in a casual bar in Metro Manila.)","If you're Caucasian/Hispanic(not latino) don't even bother with Filipino ""flirting"" culture, these women swoon over foreigners without any standard whatsoever. Edit:Thanks for the clarification",2,2,1,2
2976,"The Jerusalem curse Has anyone noticed how Jerusalem has always been fought for but no one really 'claiming' it. I swear that land is cursed to not have people living in peace there... To the ex-muslim who are atheist, agnostic etc. Forgive me for bringing up superstition about this but I really think Jerusalem is cursed not holy. To the muslims who are offended by this. Fuck off I'm a pagan and an apostate you want me dead anyways",And what of Jebus of the Jebusites?,2,2,1,2
3018,"the greatest act of racism is not liking lemonade (2016) don?t disagree without giving me a double spaced, harvard referenced, size 12 arial with minimum 5 academic sources explanation on why you dislike even a single song on the album and in turn why you want beyoncÃ© to fucking die. the word count is minimum 2500 words i want it in my inbox by tomorrow morning thank you.",white twink when someone talks good about lemonade be like,2,2,1,2
3019,"Streamers wanting blacklists, new ToS against camping. This is getting out of hand. Was just watching Quin talking about how Blizzard should create ToS that stops people from ganking other players in Classic. Among other streamers like Sodipoppin and Asmongold just calling for straight out bans for trolling is absurd, I really hope streamers don't ruin Classic WoW for the majority because a minority streamer playerbase are having a hard time adjusting to Classic WoW.","This is bullcrap lol. If you can't handle PvP, there are carebear PvE servers for you.",2,2,1,2
3056,"i'm a girl dating a 5'2 guy. hey guys, i just wanted to tell you there's hope. i personally don't believe in ""heightism"", but you do you. :)  if someone really loves you they won't care about yoir height",Mentally ill tranny has to settle for a Paki midget go figure,2,2,1,2
3231,"A capella that mimics instruments is stupid. A capella, when trying to mimic instruments is just stupid. Why would I listen to someone trying to imitate an instrument with their mouth when I can just listen to the original instrument. A capella, when used to get the musical effect of a human voice alone or only with other human voices is fine, but using your voice to imitate an instrument is just stupid, pointless, and sounds worse than an actual instrument.","Scat is awesome.  I love scat.  Mel Torme, baby.",2,2,1,2
3308,Does Bill Smith have any smart ideas? Or is it just criticizing Nenshi?,He's a wanker.,2,2,1,2
3398,When this post hits 1000 karma Then I'll ask my crush out,"you're a wuss. if you need karma to ask out a girl, that's pathetic lol",2,2,1,2
3424,"Really Big Thread - December 10, 2019 Welcome to another edition of The Really Big Show. Feel free to discuss the show, or anything related to the show, right here in the daily thread.",They think we're all skinny so they bring in more FATT...hoe lee fu&lt;CLICK!&gt;,2,2,1,2
3436,Virgins should not be judged Especially when they get confronted with anti-abortion people. They are literally practicing the best form of birth control. The joke will NOT be on them in the end.,"Lol, seriously? I thought that those fanatics wanted everyone to be a virgin for jebus until they got married. Then again, they also hate gay people, even though we're not physically capable of creating potential abortions with each other.",2,2,1,2
3478,"A priest, a child molester, and a rapist walked into a bar... He sat down and ordered a drink.",Automod acting homosexual today tf,2,2,1,2
3516,"What is HOCD? The title, I don?t know what it is but I know what it stands for",Homosexual Obsessive Compulsive Disorder. You have this obsessive compulsive fear that you're secretly gay.,2,2,1,2
3643,"If you're not a SIMP, then you're gay (r/teenagers logic) If you're not a simp, then you're gay Because if you thirst after girls, that's called being a normal teenage boy, but if you don't thirst after girls then you're probably gay",Simp stands for: Sexy Insest Minion Porn.,2,2,1,2
3666,Why does Wings talk like a black? It's so sad when I hear him talking like a black,"After Brandy got blacked some 32 odd times, he absorbed some of their culture into himself the next time he and Brandy creates some nasty coitus",2,2,1,2
3812,What does UCB stand for? Uptight Cunt Brigade,Ugly Cock Blockers,2,2,1,2
4106,"Will I ever get used to the dermarolling pain? Since I'm expected to do it regularly, and for a long time, is there anything I can do besides taking three shots of vodka and sucking it up?",No pain no gain dink face,2,2,1,2
4117,The list Hey everyone let's start a list of every racist term for every ethnicity that includes us crackers to,Porch monkey!,2,2,1,2
4185,"What's it like being a regular guy? I kinda can't relate, I'm so used to being treated like a girl that even my mannerisms are feminine.",boring. 10/10 would be gay,2,2,1,2
4270,Looking for buffets I will be traveling to Fenton this coming Sunday with my two teenage boys. They are bottomless pits and am looking for a good buffet to take them to that evening. We?re going to the Cards game on Monday so I have that day covered.  Thanks in advance!,"Hokkaido. It?s in South County, close enough and it is a damn good Asian buffet.",2,2,1,2
4375,"She peed in the hot tub! She voluntarily urinated in a hot tub while her friends were standing there, preparing to get in. And while she was being filmed for television.  It wasn't an accident. She isn't ill. She is is simply too lazy to utilize the self-discipline necessary NOT to pee whenever and wherever she wants to.  This is just the ultimate in self-absorption and self-importance.  I am aghast.","It just shows how little control she has over her body. Most people may feel the urge to urinate in hot water, but we keep ourselves from actually doing it because we are decent people and not animals. And it shows her level of maturity judging by how she joked about it and tried to laugh it off because it?s ?a thing she does??when she gets in hot tubs.  It?s so gross. I agree with another poster that her friends should stop letting her get away with crap like this.",2,2,1,2
4530,"What are your league of legends conspiracy theories? Mine is that Riot have coded the client to pop-up with ""Match Found"" during a long queue wait however their is no intention for the game to actually start - just to keep you waiting and not frustrated you haven't found a game.",PapayaDreaming is paid out of pocket to write foot fetish material by a cohort of foot fetish Rioters in a secret society.,2,2,1,2
4709,"What?s the Difference Between Donald Trump and A Sewer? Nothing, they?re both full of shit.","Donald Trump is your President, and you're a turd in a sewer.",2,2,1,2
